퍼스널컬러 트렌드연구소 컬러 인사이트,126.9537990,37.5433349
피엘컬러 퍼스널컬러 진단,126.9320554,37.5562697
더빠른퍼스널컬러컨설팅,126.9376538,37.5530486
주얼인유 퍼스널컬러,126.9715196,37.5317256
메이크온전히 퍼스널컬러 진단,126.9293970,37.5558595
한국퍼스널컬러코디네이터협회,126.9473839,37.5415418
컬러가산다 퍼스널컬러진단 홍대동교센터,126.9227875,37.5572655
컬러가산다 퍼스널컬러진단 홍대연남센터,126.9236486,37.5603872
담쁨퍼스널컬러진단,126.9273619,37.5556488
색갈피 퍼스널컬러,126.9290920,37.5589391
비비드강 퍼스널컬러,126.9258750,37.5588444
퍼스널컬러 색다르다,126.9243708,37.5577576
컬러쏘싸이어티 퍼스널컬러,126.9235076,37.5592446
느로아 퍼스널컬러,126.9245387,37.5621258
유트룰리 퍼스널컬러,126.9256060,37.5558414
세컨뉴 퍼스널컬러,126.9222828,37.5535219
오띠모 퍼스널컬러 진단,127.0453382,37.5506197
아란 퍼스널컬러,126.9179503,37.5538067
컬러라이즈 퍼스널컬러 진단,127.0511390,37.5841971
컬러아카이브 퍼스널컬러,126.9165413,37.5496736
퍼스널컬러 이미지호 가로수길점,127.0215170,37.5220655
무드컬렉트 퍼스널컬러 신사점,127.0206526,37.5198939
담쁨퍼스널컬러진단 성수점,127.0500401,37.5461143
필린 퍼스널컬러 & 이미지컨설팅,126.9126815,37.5548406
한국패션심리연구원 퍼스널컬러진단,127.0407396,37.5268022
CCL컬러이미지융합연구소 퍼스널컬러 진단,127.0561318,37.5406187
조이컬러공방 퍼스널컬러진단,126.9280907,37.6151105
컬러가산다 퍼스널컬러진단 건대센터,127.0689342,37.5386028
컬러연 퍼스널컬러,127.0227536,37.5163742
쇼컬러 퍼스널컬러,127.0556496,37.5482383
컬러라이즈 퍼스널컬러 진단,127.0285600,37.4928206
온니큐 퍼스널 컬러&메이크업,127.0393425,37.5248682
컬러모아 퍼스널컬러진단,127.0216841,37.5057056
컬러시그널 퍼스널컬러 진단,127.0376446,37.4944557
컬러공방 퍼스널컬러진단,127.0226975,37.5059437
리즈컬러 퍼스널컬러진단&메이크업&체형진단,127.0580459,37.5193548
픽컬러브랜딩센터 퍼스널컬러 진단,126.8980387,37.5194834
컬러플레이스 퍼스널컬러진단 본점,127.0449082,37.4950995
프목 퍼스널컬러,126.9008980,37.5583072
웜앤쿨 퍼스널컬러진단,127.0208126,37.5037609
디자인미 퍼스널컬러진단,127.0472490,37.5044278
컬러홀릭 퍼스널컬러진단,127.0447712,37.5028561
컬러바이유 퍼스널컬러,127.0723979,37.5473557
퍼스널컬러 꼴로레,126.8954318,37.5367287
유어컬러즈:컬러곰 퍼스널컬러진단,127.0415783,37.5185935
톤앤핏 퍼스널컬러,126.8947826,37.5258609
인더루체랩 퍼스널컬러진단,126.8902090,37.6008305
컬러앤센트 퍼스널컬러 진단,126.9835267,37.4825012
컬러온에어 퍼스널컬러진단,127.0286234,37.4948012
이음컬러 퍼스널컬러 진단,126.8877721,37.5095284
컬러시그널 퍼스널컬러진단 실버점,127.0376446,37.4944557
컬러홀릭 골격핏 퍼스널컬러진단,127.0447712,37.5028561
푸른달컬러 퍼스널컬러 진단,126.9001590,37.4865420
컬러웨이브스튜디오 퍼스널컬러,126.8780787,37.5359472
퍼스널컬러 아뜰리에베베,127.0709999,37.5421890
이안컬러랩 퍼스널컬러 진단,127.0290714,37.4922357
퍼스널컬러 온,126.9504891,37.4800389
로앤드로우 퍼스널컬러 진단,126.8640417,37.5232964
퍼스널컬러 진단 오운이미지랩,126.8279956,37.5590997
퍼스널리브 퍼스널컬러 진단,126.9290563,37.4823204
이수 퍼스널컬러경영컨설팅,127.0514980,37.5041804
딸로퍼스널컬러컨설팅,126.9834388,37.4772493
퍼스널컬러나다움,126.8254241,37.5680891
탑 컬러 퍼스널컬러 진단,126.8273386,37.5688514
컬러텔링 퍼스널컬러,126.8593555,37.5266711
유컬러 퍼스널컬러,126.8426741,37.5294250
퍼스널컬러 휴어,126.8296186,37.5608356
퍼스널컬러 당신의 팔레트,126.8294731,37.5589625
럽리브 컬러코칭센터 퍼스널컬러 진단,127.1136794,37.6700269
컬러시안 퍼스널컬러진단,126.7728595,37.5029457
위올컬러 퍼스널컬러진단,127.1257165,37.3857069
쵸밍 퍼스널컬러&메이크업,127.1939457,37.5616135
뉴퍼스널컬러연구소 서초센터,127.0182770,37.4840085
컬러블랑쉬 퍼스널컬러,126.7845885,37.6451195
컬러그레이 퍼스널컬러,126.7803105,37.4853653
퍼컬바다 퍼스널컬러 진단,127.1072392,37.3681546
다이브컬러 퍼스널컬러 진단,127.1225147,37.3889964
KBP 퍼스널컬러 골격진단 연구소,126.9631752,37.3933191
브이엘퍼스널컬러진단,126.7077708,37.4544017
유티크 컬러앤이미지 퍼스널컬러&이미지진단,126.7268033,37.5158606
컬러페르테 퍼스널컬러,126.9491852,37.3905053
비마이팔레트 퍼스널컬러,127.0990154,37.7443582
모모 퍼스널컬러 진단,127.1123236,37.3781416
퍼스널컬러 가치파인더,126.7788582,37.5031690
A퍼스널컬러,126.7778489,37.5033138
퍼스널컬러진단 컬러한송이,127.0016930,37.2659420
퍼스널컬러진단 포유어컬러 수원역점,127.0006216,37.2632388
컬러화 퍼스널컬러진단경영컨설팅,127.0310278,37.2658934
드림캐처 이미지컨설팅 퍼스널컬러진단,126.8323489,37.3195127
컬러숨 퍼스널컬러경영컨설팅,126.6825210,37.4634723
비마이컬러 퍼스널컬러진단,126.8348265,37.3189133
컬러 꽃 피움 퍼스널컬러 진단,127.0607027,37.2881246
컬러를채우다 퍼스널컬러진단,127.0511613,37.2450583
컬러제이 퍼스널컬러,126.6413467,37.3853568
컬러당 퍼스널컬러,126.9325909,37.3606103
퍼스널컬러진단 포유어컬러 행궁점,127.0159552,37.2851029
퍼스널컬러진단 포유어컬러 안산점,126.8393424,37.3134218
컬러무드 : 퍼스널컬러,126.7614804,37.7148478
퍼스널컬러진단 포유어컬러 동탄점,127.0720150,37.2005516
언컬러드 퍼스널컬러 스튜디오,126.7614247,37.7286138
퍼스널컬러진단 브랜미 판교점,127.1122717,37.3942568
퍼스널컬러진단 웨이브컬러,127.0013137,37.2680374
컬러오프 퍼스널컬러이미지 컨설팅,127.0293223,37.2669773
나답다 퍼스널컬러 진단,127.2613491,37.4131313
만지작퍼스널컬러,126.6422608,37.3832893
아이컬러콘텐츠랩 퍼스널컬러진단 광교본점,127.0602549,37.2874971
비다무드 퍼스널컬러,127.1093997,37.3202489
컬러무이 퍼스널컬러,126.9706354,37.2997124
컬러씨 퍼스널컬러 컨설팅,127.0568585,37.2875826
이유퍼스널컬러,127.1381852,37.3732329
"오후2시,설렘 퍼스널컬러",126.8489336,35.1557132
유주얼컬러 퍼스널컬러진단,126.8517061,35.2224552
컬러풀 퍼스널컬러진단,129.1014369,35.1358444
리유팔레트 퍼스널컬러,129.3640463,35.6025819
룩앤체인지 퍼스널컬러,127.3788486,36.3529106
비앤씨컬러랩퍼스널컬러,127.4558010,36.5988243
블루밍 퍼스널컬러,129.0618000,35.1532498
생기를더하다 퍼스널컬러진단,128.8722418,35.2611642
표현 퍼스널컬러,129.0156829,35.1133138
아로아로컬러랩Lab 퍼스널컬러,126.8648567,35.1595614
라움이미지브랜딩 퍼스널컬러진단,129.1120329,35.1512727
해시 퍼스널컬러 포항점,129.3679978,36.0268145
컬러블리 퍼스널컬러 이미지컨설팅,127.3902132,36.3391679
휴 퍼스널 컬러,126.5274844,33.4945886
웨어컬러브랜딩센터 퍼스널컬러진단,129.1150692,35.1652915
컬러 루미닝 퍼스널컬러,127.3549033,36.3080506
퍼스널컬러 온컬러,128.6783340,35.2262411
컬러데이 퍼스널컬러,128.5729892,38.1986235
피뉴컬러 브랜딩 센터 퍼스널컬러진단,128.8764769,35.2260011
나의빛색 퍼스널컬러,129.0647188,35.1564198
퍼스널컬러 시소,129.0107187,35.2359928
컬러썸 퍼스널컬러,129.0596975,35.1456824
퍼스널컬러 더 샤인,126.6296618,36.8937319
퍼스널컬러진단 포유어컬러 대전점,127.3777857,36.3530932
퍼스널컬러 컬러스튜디오,129.1197673,35.1597310
컬러조이 퍼스널컬러,129.0878889,35.2303438
피타코디 퍼스널컬러 톤앤9이미지 진단,129.0700216,35.1710552
컬러빛 퍼스널컬러,126.6732681,36.6559533
멜로즈 퍼스널컬러,129.0647296,35.1570892
퍼스널컬러 클라,129.0356890,35.1055312
컬리쉬 퍼스널컬러,129.3709869,36.0507939
퍼스널 컬러 드랍 더 빛,128.4321648,34.8522199
아반리티퍼스널컬러,126.5802701,33.5162770
하주선퍼스널컬러교육원,127.9784669,37.3277397
랑핏 이미지메이킹 퍼스널컬러,129.0308276,35.0987388
이또컬러랩 퍼스널컬러 진단,128.8953540,37.7516064
컬러별 퍼스널컬러,129.0797877,35.1855849
퍼스널컬러 색울림,128.9942645,35.1953381
컬러윤 퍼스널컬러 브랜딩 센터,128.8608359,35.2360277
포엠루나 퍼스널컬러,126.8458283,35.1461785
퍼스널컬러 색감,128.9060117,35.0989136
컬러오브데이 퍼스널컬러진단,127.0435625,37.5484293
멜팅피 퍼퓸 앤 퍼스널컬러,126.9126815,37.5548406
주타 메이크업 & 퍼스널컬러,127.0193538,37.5100578
챠밍아틀리에 퍼스널컬러&메이크업,127.0252103,37.6371282
청담퍼스널컬러세븐에이알,127.0580459,37.5193548
한국패션심리연구원 퍼스널컬러자격증,127.0407396,37.5268022
어나더29,126.9697728,37.5787240
퍼스널컬러 메이크업 스튜디오 금옥살롱,127.0189055,37.4939852
색단비컬러컨설팅,126.9955133,37.5619014
퍼스널컬러 당신을 그리다,126.8296186,37.5608356
칼라코드 컬러연구소,126.9820353,37.5812977
라라 메이크업 & 퍼스널컬러 & 네일,127.1232611,37.4805094
퍼스널컬러 메이크업 이미지랩,126.8895645,37.6627548
엠피컬러 퍼스널컬러진단&메이크업,127.1912304,37.5658177
유아더 메이크업 & 퍼스널 컬러,127.1221100,37.4823178
퍼스널컬러 아리이미지,127.0448363,37.7374682
컬러엠 퍼스널컬러진단 및 자격증,127.1939457,37.5616135
로코블랑 퍼스널컬러,126.7240370,37.5083996
컬러튜드,126.9531538,37.5570405
블루아525퍼스널컬러코스메틱 분당정자점,127.1071715,37.3716373
컬러에딧,126.9994209,37.5838749
꼼쟁이네퍼스널컬러네일,126.9803515,37.2942778
돌핀컬러,127.0020846,37.5839822
블루아525퍼스널컬러심리연구소 수원망포점,127.0565997,37.2466737
세임컬러,126.9451336,37.5593420
컬러윙스,126.9542936,37.5470564
리랙셔리,127.0166374,37.5657465
FOR YOUR STYLE,126.9497456,37.5876039
이미지 케렌시아,126.9684257,37.5302767
블룸프로젝트,127.0264961,37.5648791
피엘컬러 기업부설연구소,126.9311620,37.5558444
컬러오브유,126.9233476,37.5587222
온도팔레트,126.9229406,37.5566900
몽끄컬러랩 본점,127.0266276,37.5249444
홀리몰리,126.9367182,37.5540014
히얼유어컬러,126.9214001,37.5487522
라피유벨 퍼스널컬러,127.3395425,36.3362248
코코리색채연구소 본점,126.9154670,37.5619129
WISE 퍼스널컬러,126.5397624,33.4920961
유피피컬러스튜디오 퍼스널컬러,126.9115920,35.1513100
디어온느 퍼스널컬러,126.4195021,34.8118813
라제이부티크 앤 퍼스널컬러진단[미용기능장],127.9719911,37.3412468
지니비컬러,126.9241420,37.5594774
란쥬 메이크업&드레스&퍼스널컬러,127.9381005,36.9841832
퍼스널컬러 컬러로운,129.0656311,35.1472602
에스퍼스널컬러,127.9309824,36.9698542
누니컬러스튜디오 퍼스널컬러 진단,126.8430272,35.1450419
킹메이크업퍼스널컬러,126.4918835,33.4880862
하주선퍼스널컬러진단센터,127.9784669,37.3277397
이미지호 홍대점,126.9272908,37.5559575
더하루퍼스널컬러,126.9107634,35.1461386
버닝퍼스널컬러&퍼스널컨설팅,126.4272443,34.8018700
제주퍼스널컬러,126.4754746,33.4840346
코코리색채연구소 가로수길팝업스토어,127.0218073,37.5216279
퍼스널컬러 이미지앤컬러 브랜딩센터,128.9653225,35.1067640
예슬 이미지,127.0345883,37.5613795
컬러즈아트,127.0208295,37.5182230
마이쇼퍼 압구정점,127.0324011,37.5231010
유이레컬러,127.0461602,37.5212559
컬러에이치,127.0215947,37.5126708
리얼컬러,126.9148695,37.5506545
오콜로르 여의도점,126.9269566,37.5207575
블레스미 여의도점,126.9266154,37.5217254
라엘나,126.9269566,37.5207575
엘리이미지연구소,126.9151005,37.5497792
컬러가산다 강남센터,127.0276623,37.5010124
더빛날랩 강남점,127.0319377,37.5158011
네프끌레어,127.0260528,37.5177526
잇츠마이컬러,127.0263326,37.5120858
컬러블링,127.0529437,37.5465698
엘랑.M이미지,127.0438934,37.5488383
스토리 앤 스타일,126.9260425,37.5240636
제이닝 스튜디오 시코르 강남역점,127.0253050,37.5017470
에스이미지컬렉션,127.0203335,37.5218999
무드플러스,127.0206946,37.5181683
컬러츄,127.0556140,37.5435511
브리안느 이미지컨설팅 강남본점,127.0217538,37.5080171
제이앤이미지 퍼스널이미지브랜딩,127.0477136,37.5229252
누벨 이마주,127.0580540,37.5434989
스타일만,127.0420295,37.5182363
무드컬렉트 강남점,127.0307752,37.4982135
이미지유어즈,127.0389767,37.5252956
스튜디오 씨,126.8757769,37.5281774
컬러예보,127.0272092,37.5061086
디스타일,126.9094778,37.5643352
프론트퍼스널컨설팅,126.9030647,37.5659538
컬러올마이티,127.0789070,37.5110571
유어크로마,127.0293982,37.6371247
초이컬러,127.0282402,37.4940339
피플비츠,127.0187691,37.5085920
컬러챰,126.8869550,37.5071237
프롬컬러,126.9020104,37.5179628
오롯이컬러,126.9618940,37.4780053
크레비,127.0414074,37.5178094
컬러 마지끄,126.9294846,37.4897482
더이미지플러스,127.0286234,37.4948012
컬러데이즈,126.9494565,37.4830538
한국이미지메이킹연구소,126.9340656,37.5127638
파인드유컨설팅 강남점,127.0547908,37.5222886
벨르브릿츠,127.0414074,37.5178094
다흰휴먼브랜드컨설팅,127.0310143,37.5232143
컬러이즈,127.0186173,37.5090877
컬러마인,127.0841766,37.5091856
다채로윤,127.1035934,37.5067569
아소르이미지,127.0083593,37.4915740
스튜디오 씨큐,127.1151903,37.5158269
